Tiempo UTC-4,Prediccion
01-01-2023,34
02-01-2023,45
03-01-2023,25
04-01-2023,24
05-01-2023,18
06-01-2023,11
07-01-2023,20
08-01-2023,21
09-01-2023,19
10-01-2023,18
11-01-2023,36
12-01-2023,38
13-01-2023,49
14-01-2023,33
15-01-2023,19
16-01-2023,29
17-01-2023,11
18-01-2023,46
19-01-2023,20
20-01-2023,17
21-01-2023,15
22-01-2023,19
23-01-2023,47
24-01-2023,23
25-01-2023,17
26-01-2023,32
27-01-2023,37
28-01-2023,22
29-01-2023,35
30-01-2023,21
31-01-2023,31
01-02-2023,25
02-02-2023,27
03-02-2023,35
04-02-2023,19
05-02-2023,41
06-02-2023,11
07-02-2023,21
08-02-2023,41
09-02-2023,28
10-02-2023,31
11-02-2023,48
12-02-2023,28
13-02-2023,19
14-02-2023,14
15-02-2023,17
16-02-2023,43
17-02-2023,10
18-02-2023,42
19-02-2023,41
20-02-2023,22
21-02-2023,12
22-02-2023,41
23-02-2023,36
24-02-2023,32
25-02-2023,39
26-02-2023,34
27-02-2023,12
28-02-2023,42
01-03-2023,25
02-03-2023,14
03-03-2023,38
04-03-2023,34
05-03-2023,48
06-03-2023,42
07-03-2023,45
08-03-2023,16
09-03-2023,11
10-03-2023,22
11-03-2023,27
12-03-2023,29
13-03-2023,50
14-03-2023,11
15-03-2023,40
16-03-2023,41
17-03-2023,21
18-03-2023,18
19-03-2023,27
20-03-2023,13
21-03-2023,49
22-03-2023,25
23-03-2023,26
24-03-2023,40
25-03-2023,14
26-03-2023,24
27-03-2023,15
28-03-2023,36
29-03-2023,26
30-03-2023,22
31-03-2023,16
01-04-2023,23
02-04-2023,43
03-04-2023,27
04-04-2023,12
05-04-2023,18
06-04-2023,44
07-04-2023,23
08-04-2023,20
09-04-2023,26
10-04-2023,12
11-04-2023,29
12-04-2023,11
13-04-2023,16
14-04-2023,13
15-04-2023,18
16-04-2023,40
17-04-2023,10
18-04-2023,40
19-04-2023,38
20-04-2023,24
21-04-2023,29
22-04-2023,46
23-04-2023,18
24-04-2023,32
25-04-2023,15
26-04-2023,17
27-04-2023,45
28-04-2023,34
29-04-2023,50
30-04-2023,40
01-05-2023,46
02-05-2023,33
03-05-2023,32
04-05-2023,48
05-05-2023,35
06-05-2023,23
07-05-2023,38
08-05-2023,17
09-05-2023,25
10-05-2023,13
11-05-2023,10
12-05-2023,39
13-05-2023,29
14-05-2023,11
15-05-2023,17
16-05-2023,34
17-05-2023,24
18-05-2023,23
19-05-2023,50
20-05-2023,35
21-05-2023,35
22-05-2023,15
23-05-2023,46
24-05-2023,28
25-05-2023,12
26-05-2023,47
27-05-2023,46
28-05-2023,13
29-05-2023,35
30-05-2023,50
31-05-2023,29
01-06-2023,27
02-06-2023,49
03-06-2023,17
04-06-2023,29
05-06-2023,31
06-06-2023,21
07-06-2023,31
08-06-2023,48
09-06-2023,36
10-06-2023,21
11-06-2023,17
12-06-2023,45
13-06-2023,38
14-06-2023,46
15-06-2023,44
16-06-2023,14
17-06-2023,25
18-06-2023,50
19-06-2023,29
20-06-2023,50
21-06-2023,47
22-06-2023,16
23-06-2023,33
24-06-2023,15
25-06-2023,50
26-06-2023,19
27-06-2023,37
28-06-2023,50
29-06-2023,29
30-06-2023,27
01-07-2023,20
02-07-2023,20
03-07-2023,26
04-07-2023,10
05-07-2023,37
06-07-2023,44
07-07-2023,13
08-07-2023,27
09-07-2023,46
10-07-2023,15
11-07-2023,10
12-07-2023,42
13-07-2023,38
14-07-2023,12
15-07-2023,24
16-07-2023,25
17-07-2023,22
18-07-2023,12
19-07-2023,47
20-07-2023,30
21-07-2023,12
22-07-2023,22
23-07-2023,49
24-07-2023,29
25-07-2023,32
26-07-2023,26
27-07-2023,12
28-07-2023,36
29-07-2023,47
30-07-2023,22
31-07-2023,50
01-08-2023,12
02-08-2023,12
03-08-2023,43
04-08-2023,21
05-08-2023,12
06-08-2023,27
07-08-2023,48
08-08-2023,19
09-08-2023,34
10-08-2023,25
11-08-2023,22
12-08-2023,18
13-08-2023,41
14-08-2023,46
15-08-2023,14
16-08-2023,37
17-08-2023,31
18-08-2023,14
19-08-2023,33
20-08-2023,43
21-08-2023,24
22-08-2023,13
23-08-2023,20
24-08-2023,22
25-08-2023,15
26-08-2023,30
27-08-2023,23
28-08-2023,35
29-08-2023,11
30-08-2023,22
31-08-2023,21
01-09-2023,47
02-09-2023,23
03-09-2023,35
04-09-2023,50
05-09-2023,33
06-09-2023,46
07-09-2023,33
08-09-2023,19
09-09-2023,43
10-09-2023,41
11-09-2023,42
12-09-2023,34
13-09-2023,21
14-09-2023,15
15-09-2023,35
16-09-2023,28
17-09-2023,17
18-09-2023,30
19-09-2023,45
20-09-2023,14
21-09-2023,23
22-09-2023,28
23-09-2023,45
24-09-2023,46
25-09-2023,13
26-09-2023,14
27-09-2023,39
28-09-2023,19
29-09-2023,20
30-09-2023,23
01-10-2023,42
02-10-2023,11
03-10-2023,34
04-10-2023,48
05-10-2023,19
06-10-2023,13
07-10-2023,38
08-10-2023,43
09-10-2023,28
10-10-2023,39
11-10-2023,23
12-10-2023,29
13-10-2023,44
14-10-2023,20
15-10-2023,46
16-10-2023,23
17-10-2023,39
18-10-2023,50
19-10-2023,10
20-10-2023,37
21-10-2023,25
22-10-2023,37
23-10-2023,34
24-10-2023,40
25-10-2023,35
26-10-2023,34
27-10-2023,31
28-10-2023,14
29-10-2023,19
30-10-2023,19
31-10-2023,41
01-11-2023,19
02-11-2023,17
03-11-2023,30
04-11-2023,14
05-11-2023,28
06-11-2023,46
07-11-2023,31
08-11-2023,27
09-11-2023,24
10-11-2023,41
11-11-2023,48
12-11-2023,46
13-11-2023,40
14-11-2023,24
15-11-2023,36
16-11-2023,22
17-11-2023,11
18-11-2023,23
19-11-2023,46
20-11-2023,19
21-11-2023,35
22-11-2023,11
23-11-2023,39
24-11-2023,12
25-11-2023,27
26-11-2023,41
27-11-2023,11
28-11-2023,44
29-11-2023,29
30-11-2023,26
01-12-2023,38
02-12-2023,39
03-12-2023,31
04-12-2023,41
05-12-2023,33
06-12-2023,23
07-12-2023,37
08-12-2023,42
09-12-2023,44
10-12-2023,12
11-12-2023,16
12-12-2023,11
13-12-2023,30
14-12-2023,45
15-12-2023,15
16-12-2023,24
17-12-2023,15
18-12-2023,40
19-12-2023,15
20-12-2023,22
21-12-2023,12
22-12-2023,23
23-12-2023,35
24-12-2023,13
25-12-2023,39
26-12-2023,38
27-12-2023,45
28-12-2023,41
29-12-2023,44
30-12-2023,21
31-12-2023,41
01-01-2024,10
02-01-2024,47
03-01-2024,10
04-01-2024,47
05-01-2024,22
06-01-2024,14
07-01-2024,33
08-01-2024,26
09-01-2024,20
10-01-2024,27
11-01-2024,15
12-01-2024,11
13-01-2024,20
14-01-2024,14
15-01-2024,37
16-01-2024,29
17-01-2024,37
18-01-2024,26
19-01-2024,31
20-01-2024,13
21-01-2024,31
22-01-2024,23
23-01-2024,44
24-01-2024,36
25-01-2024,41
26-01-2024,18
27-01-2024,15
28-01-2024,39
29-01-2024,48
30-01-2024,11
31-01-2024,39
01-02-2024,45
02-02-2024,43
03-02-2024,46
04-02-2024,15
05-02-2024,33
06-02-2024,34
07-02-2024,36
08-02-2024,22
09-02-2024,26
10-02-2024,44
11-02-2024,44
12-02-2024,20
13-02-2024,48
14-02-2024,46
15-02-2024,27
16-02-2024,27
17-02-2024,50
18-02-2024,46
19-02-2024,30
20-02-2024,38
21-02-2024,36
22-02-2024,38
23-02-2024,33
24-02-2024,34
25-02-2024,42
26-02-2024,29
27-02-2024,46
28-02-2024,36
29-02-2024,14
01-03-2024,35
02-03-2024,39
03-03-2024,20
04-03-2024,24
05-03-2024,25
06-03-2024,40
07-03-2024,24
08-03-2024,11
09-03-2024,48
10-03-2024,35
11-03-2024,46
12-03-2024,49
13-03-2024,23
14-03-2024,35
15-03-2024,11
16-03-2024,24
17-03-2024,38
18-03-2024,10
19-03-2024,12
20-03-2024,50
21-03-2024,47
22-03-2024,24
23-03-2024,15
24-03-2024,30
25-03-2024,48
26-03-2024,20
27-03-2024,41
28-03-2024,38
29-03-2024,37
30-03-2024,43
31-03-2024,26
01-04-2024,10
02-04-2024,38
03-04-2024,43
04-04-2024,23
05-04-2024,31
06-04-2024,25
07-04-2024,22
08-04-2024,34
09-04-2024,10
10-04-2024,31
11-04-2024,31
12-04-2024,42
13-04-2024,46
14-04-2024,28
15-04-2024,47
16-04-2024,15
17-04-2024,11
18-04-2024,23
19-04-2024,11
20-04-2024,33
21-04-2024,37
22-04-2024,49
23-04-2024,12
24-04-2024,29
25-04-2024,47
26-04-2024,13
27-04-2024,19
28-04-2024,11
29-04-2024,33
30-04-2024,13
01-05-2024,30
02-05-2024,48
03-05-2024,47
04-05-2024,29
05-05-2024,12
06-05-2024,28
07-05-2024,19
08-05-2024,23
09-05-2024,24
10-05-2024,19
11-05-2024,42
12-05-2024,17
13-05-2024,15
14-05-2024,16
15-05-2024,35
16-05-2024,43
17-05-2024,22
18-05-2024,39
19-05-2024,32
20-05-2024,18
21-05-2024,40
22-05-2024,42
23-05-2024,47
24-05-2024,19
25-05-2024,48
26-05-2024,50
27-05-2024,41
28-05-2024,27
29-05-2024,10
30-05-2024,39
31-05-2024,19
01-06-2024,13
02-06-2024,11
03-06-2024,34
04-06-2024,40
05-06-2024,32
06-06-2024,40
07-06-2024,17
08-06-2024,17
09-06-2024,18
10-06-2024,37
11-06-2024,36
12-06-2024,21
13-06-2024,28
14-06-2024,32
15-06-2024,48
16-06-2024,36
17-06-2024,15
18-06-2024,15
19-06-2024,14
20-06-2024,41
21-06-2024,11
22-06-2024,29
23-06-2024,38
24-06-2024,35
25-06-2024,48
26-06-2024,46
27-06-2024,43
28-06-2024,44
29-06-2024,44
30-06-2024,28
01-07-2024,18
02-07-2024,15
03-07-2024,20
04-07-2024,47
05-07-2024,40
06-07-2024,11
07-07-2024,41
08-07-2024,25
09-07-2024,13
10-07-2024,47
11-07-2024,13
12-07-2024,32
13-07-2024,50
14-07-2024,13
15-07-2024,17
16-07-2024,33
17-07-2024,22
18-07-2024,45
19-07-2024,36
20-07-2024,19
21-07-2024,39
22-07-2024,14
23-07-2024,48
24-07-2024,42
25-07-2024,19
26-07-2024,43
27-07-2024,12
28-07-2024,26
29-07-2024,38
30-07-2024,49
31-07-2024,47
01-08-2024,33
02-08-2024,19
03-08-2024,15
04-08-2024,15
05-08-2024,12
06-08-2024,13
07-08-2024,33
08-08-2024,28
09-08-2024,18
10-08-2024,48
11-08-2024,44
12-08-2024,23
13-08-2024,30
14-08-2024,15
15-08-2024,41
16-08-2024,18
17-08-2024,35
18-08-2024,30
19-08-2024,23
20-08-2024,18
21-08-2024,30
22-08-2024,50
23-08-2024,39
24-08-2024,46
25-08-2024,39
26-08-2024,23
27-08-2024,20
28-08-2024,25
29-08-2024,11
30-08-2024,31
31-08-2024,50
01-09-2024,13
02-09-2024,23
03-09-2024,22
04-09-2024,39
05-09-2024,21
06-09-2024,44
07-09-2024,25
08-09-2024,49
09-09-2024,24
10-09-2024,30
11-09-2024,19
12-09-2024,24
13-09-2024,15
14-09-2024,39
15-09-2024,20
16-09-2024,11
17-09-2024,30
18-09-2024,32
19-09-2024,29
20-09-2024,36
21-09-2024,21
22-09-2024,12
23-09-2024,18
24-09-2024,28
25-09-2024,47
26-09-2024,44
27-09-2024,36
28-09-2024,39
29-09-2024,41
30-09-2024,43
01-10-2024,49
02-10-2024,19
03-10-2024,17
04-10-2024,21
05-10-2024,47
06-10-2024,42
07-10-2024,46
08-10-2024,14
09-10-2024,48
10-10-2024,31
11-10-2024,42
12-10-2024,30
13-10-2024,23
14-10-2024,31
15-10-2024,13
16-10-2024,35
17-10-2024,33
18-10-2024,27
19-10-2024,31
20-10-2024,27
21-10-2024,14
22-10-2024,46
23-10-2024,36
24-10-2024,50
25-10-2024,17
26-10-2024,48
27-10-2024,41
28-10-2024,23
29-10-2024,21
30-10-2024,49
31-10-2024,49
01-11-2024,14
02-11-2024,29
03-11-2024,18
04-11-2024,35
05-11-2024,30
06-11-2024,20
07-11-2024,21
08-11-2024,23
09-11-2024,33
10-11-2024,30
11-11-2024,33
12-11-2024,31
13-11-2024,41
14-11-2024,23
15-11-2024,20
16-11-2024,50
17-11-2024,48
18-11-2024,35
19-11-2024,21
20-11-2024,22
21-11-2024,14
22-11-2024,35
23-11-2024,14
24-11-2024,40
25-11-2024,40
26-11-2024,37
27-11-2024,24
28-11-2024,23
29-11-2024,46
30-11-2024,17
01-12-2024,47
02-12-2024,19
03-12-2024,15
04-12-2024,36
05-12-2024,12
06-12-2024,22
07-12-2024,45
08-12-2024,39
09-12-2024,32
10-12-2024,47
11-12-2024,28
12-12-2024,49
13-12-2024,23
14-12-2024,33
15-12-2024,26
16-12-2024,12
17-12-2024,10
18-12-2024,17
19-12-2024,28
20-12-2024,50
21-12-2024,32
22-12-2024,11
23-12-2024,48
24-12-2024,48
25-12-2024,38
26-12-2024,35
27-12-2024,24
28-12-2024,39
29-12-2024,50
30-12-2024,44
31-12-2024,44
01-01-2025,36
02-01-2025,21
03-01-2025,22
04-01-2025,43
05-01-2025,45
06-01-2025,10
07-01-2025,29
08-01-2025,13
09-01-2025,33
10-01-2025,18
11-01-2025,28
12-01-2025,26
13-01-2025,50
14-01-2025,21
15-01-2025,41
16-01-2025,18
17-01-2025,25
18-01-2025,18
19-01-2025,29
20-01-2025,44
21-01-2025,32
22-01-2025,32
23-01-2025,21
24-01-2025,19
25-01-2025,35
26-01-2025,43
27-01-2025,17
28-01-2025,24
29-01-2025,12
30-01-2025,15
31-01-2025,44
01-02-2025,23
02-02-2025,21
03-02-2025,34
04-02-2025,32
05-02-2025,30
06-02-2025,13
07-02-2025,50
08-02-2025,20
09-02-2025,35
10-02-2025,47
11-02-2025,11
12-02-2025,34
13-02-2025,30
14-02-2025,42
15-02-2025,33
16-02-2025,37
17-02-2025,11
18-02-2025,16
19-02-2025,35
20-02-2025,50
21-02-2025,45
22-02-2025,29
23-02-2025,15
24-02-2025,32
25-02-2025,37
26-02-2025,10
27-02-2025,43
28-02-2025,48
01-03-2025,48
02-03-2025,15
03-03-2025,16
04-03-2025,29
05-03-2025,35
06-03-2025,15
07-03-2025,43
08-03-2025,36
09-03-2025,35
10-03-2025,39
11-03-2025,16
12-03-2025,12
13-03-2025,31
14-03-2025,16
15-03-2025,41
16-03-2025,34
17-03-2025,42
18-03-2025,22
19-03-2025,22
20-03-2025,39
21-03-2025,22
22-03-2025,49
23-03-2025,28
24-03-2025,38
25-03-2025,15
26-03-2025,31
27-03-2025,15
28-03-2025,10
29-03-2025,23
30-03-2025,26
31-03-2025,37
01-04-2025,47
02-04-2025,40
03-04-2025,49
04-04-2025,34
05-04-2025,13
06-04-2025,28
07-04-2025,21
08-04-2025,10
09-04-2025,23
10-04-2025,16
11-04-2025,32
12-04-2025,22
13-04-2025,40
14-04-2025,25
15-04-2025,32
16-04-2025,26
17-04-2025,13
18-04-2025,13
19-04-2025,12
20-04-2025,39
21-04-2025,40
22-04-2025,48
23-04-2025,39
24-04-2025,44
25-04-2025,25
26-04-2025,45
27-04-2025,21
28-04-2025,14
29-04-2025,11
30-04-2025,10
01-05-2025,48
02-05-2025,47
03-05-2025,34
04-05-2025,18
05-05-2025,14
06-05-2025,15
07-05-2025,48
08-05-2025,15
09-05-2025,25
10-05-2025,23
11-05-2025,20
12-05-2025,21
13-05-2025,27
14-05-2025,35
15-05-2025,30
16-05-2025,29
17-05-2025,33
18-05-2025,29
19-05-2025,27
20-05-2025,39
21-05-2025,47
22-05-2025,42
23-05-2025,37
24-05-2025,47
25-05-2025,41
26-05-2025,28
27-05-2025,26
28-05-2025,17
29-05-2025,44
30-05-2025,50
31-05-2025,47
01-06-2025,39
02-06-2025,10
03-06-2025,44
04-06-2025,46
05-06-2025,48
06-06-2025,14
07-06-2025,12
08-06-2025,30
09-06-2025,29
10-06-2025,20
11-06-2025,49
12-06-2025,44
13-06-2025,22
14-06-2025,28
15-06-2025,46
16-06-2025,28
17-06-2025,21
18-06-2025,14
19-06-2025,41
20-06-2025,15
21-06-2025,36
22-06-2025,50
23-06-2025,43
24-06-2025,35
25-06-2025,10
26-06-2025,38
27-06-2025,37
28-06-2025,34
29-06-2025,16
30-06-2025,36
01-07-2025,35
02-07-2025,10
03-07-2025,21
04-07-2025,32
05-07-2025,10
06-07-2025,49
07-07-2025,42
08-07-2025,28
09-07-2025,12
10-07-2025,34
11-07-2025,17
12-07-2025,39
13-07-2025,30
14-07-2025,21
15-07-2025,31
16-07-2025,45
17-07-2025,22
18-07-2025,20
19-07-2025,42
20-07-2025,39
21-07-2025,48
22-07-2025,30
23-07-2025,15
24-07-2025,38
25-07-2025,24
26-07-2025,33
27-07-2025,36
28-07-2025,21
29-07-2025,49
30-07-2025,18
31-07-2025,38
01-08-2025,29
02-08-2025,16
03-08-2025,47
04-08-2025,32
05-08-2025,22
06-08-2025,26
07-08-2025,38
08-08-2025,12
09-08-2025,47
10-08-2025,12
11-08-2025,12
12-08-2025,11
13-08-2025,23
14-08-2025,40
15-08-2025,11
16-08-2025,36
17-08-2025,44
18-08-2025,24
19-08-2025,10
20-08-2025,15
21-08-2025,26
22-08-2025,46
23-08-2025,21
24-08-2025,42
25-08-2025,27
26-08-2025,49
27-08-2025,21
28-08-2025,10
29-08-2025,14
30-08-2025,21
31-08-2025,37
01-09-2025,31
02-09-2025,10
03-09-2025,26
04-09-2025,44
05-09-2025,48
06-09-2025,21
07-09-2025,45
08-09-2025,49
09-09-2025,50
10-09-2025,22
11-09-2025,41
12-09-2025,13
13-09-2025,16
14-09-2025,39
15-09-2025,17
16-09-2025,47
17-09-2025,47
18-09-2025,10
19-09-2025,23
20-09-2025,48
21-09-2025,27
22-09-2025,37
23-09-2025,26
24-09-2025,32
25-09-2025,12
26-09-2025,20
27-09-2025,34
28-09-2025,14
29-09-2025,12
30-09-2025,29
01-10-2025,21
02-10-2025,31
03-10-2025,24
04-10-2025,31
05-10-2025,33
06-10-2025,27
07-10-2025,10
08-10-2025,50
09-10-2025,48
10-10-2025,28
11-10-2025,47
12-10-2025,33
13-10-2025,42
14-10-2025,20
15-10-2025,36
16-10-2025,39
17-10-2025,16
18-10-2025,43
19-10-2025,29
20-10-2025,19
21-10-2025,11
22-10-2025,33
23-10-2025,45
24-10-2025,10
25-10-2025,39
26-10-2025,39
27-10-2025,24
28-10-2025,19
29-10-2025,33
30-10-2025,12
31-10-2025,23
01-11-2025,30
02-11-2025,20
03-11-2025,25
04-11-2025,35
05-11-2025,38
06-11-2025,47
07-11-2025,13
08-11-2025,22
09-11-2025,29
10-11-2025,17
11-11-2025,24
12-11-2025,38
13-11-2025,44
14-11-2025,46
15-11-2025,10
16-11-2025,13
17-11-2025,15
18-11-2025,23
19-11-2025,24
20-11-2025,27
21-11-2025,43
22-11-2025,45
23-11-2025,48
24-11-2025,14
25-11-2025,35
26-11-2025,22
27-11-2025,45
28-11-2025,25
29-11-2025,31
30-11-2025,12
01-12-2025,50
02-12-2025,20
03-12-2025,32
04-12-2025,13
05-12-2025,33
06-12-2025,10
07-12-2025,42
08-12-2025,18
09-12-2025,10
10-12-2025,31
11-12-2025,38
12-12-2025,49
13-12-2025,38
14-12-2025,36
15-12-2025,28
16-12-2025,18
17-12-2025,40
18-12-2025,17
19-12-2025,29
20-12-2025,21
21-12-2025,11
22-12-2025,28
23-12-2025,43
24-12-2025,32
25-12-2025,23
26-12-2025,14
27-12-2025,25
28-12-2025,42
29-12-2025,43
30-12-2025,13
31-12-2025,15
01-01-2026,34
02-01-2026,30
03-01-2026,18
04-01-2026,10
05-01-2026,28
06-01-2026,47
07-01-2026,24
08-01-2026,19
09-01-2026,45
10-01-2026,24
11-01-2026,27
12-01-2026,38
13-01-2026,36
14-01-2026,12
15-01-2026,44
16-01-2026,38
17-01-2026,50
18-01-2026,37
19-01-2026,39
20-01-2026,31
21-01-2026,27
22-01-2026,26
23-01-2026,47
24-01-2026,22
25-01-2026,22
26-01-2026,21
27-01-2026,12
28-01-2026,41
29-01-2026,12
30-01-2026,34
31-01-2026,38
01-02-2026,27
02-02-2026,24
03-02-2026,33
04-02-2026,18
05-02-2026,50
06-02-2026,25
07-02-2026,12
08-02-2026,17
09-02-2026,20
10-02-2026,20
11-02-2026,50
12-02-2026,27
13-02-2026,23
14-02-2026,21
15-02-2026,18
16-02-2026,29
17-02-2026,36
18-02-2026,41
19-02-2026,42
20-02-2026,49
21-02-2026,46
22-02-2026,15
23-02-2026,23
24-02-2026,43
25-02-2026,38
26-02-2026,23
27-02-2026,47
28-02-2026,35
01-03-2026,16
02-03-2026,46
03-03-2026,42
04-03-2026,20
05-03-2026,23
06-03-2026,31
07-03-2026,44
08-03-2026,48
09-03-2026,40
10-03-2026,41
11-03-2026,29
12-03-2026,47
13-03-2026,13
14-03-2026,13
15-03-2026,46
16-03-2026,29
17-03-2026,12
18-03-2026,35
19-03-2026,22
20-03-2026,23
21-03-2026,17
22-03-2026,31
23-03-2026,50
24-03-2026,32
25-03-2026,45
26-03-2026,37
27-03-2026,15
28-03-2026,44
29-03-2026,22
30-03-2026,37
31-03-2026,29
01-04-2026,42
02-04-2026,19
03-04-2026,49
04-04-2026,48
05-04-2026,14
06-04-2026,46
07-04-2026,25
08-04-2026,21
09-04-2026,46
10-04-2026,42
11-04-2026,11
12-04-2026,45
13-04-2026,25
14-04-2026,10
15-04-2026,26
16-04-2026,50
17-04-2026,43
18-04-2026,13
19-04-2026,49
20-04-2026,34
21-04-2026,47
22-04-2026,32
23-04-2026,40
24-04-2026,11
25-04-2026,35
26-04-2026,12
27-04-2026,34
28-04-2026,30
29-04-2026,23
30-04-2026,35
01-05-2026,28
02-05-2026,35
03-05-2026,30
04-05-2026,19
05-05-2026,18
06-05-2026,50
07-05-2026,15
08-05-2026,14
09-05-2026,49
10-05-2026,44
11-05-2026,18
12-05-2026,35
13-05-2026,45
14-05-2026,34
15-05-2026,36
16-05-2026,40
17-05-2026,13
18-05-2026,18
19-05-2026,34
20-05-2026,39
21-05-2026,24
22-05-2026,35
23-05-2026,15
24-05-2026,47
25-05-2026,35
26-05-2026,22
27-05-2026,39
28-05-2026,22
29-05-2026,49
30-05-2026,39
31-05-2026,41
01-06-2026,26
02-06-2026,22
03-06-2026,33
04-06-2026,40
05-06-2026,22
06-06-2026,41
07-06-2026,27
08-06-2026,26
09-06-2026,30
10-06-2026,10
11-06-2026,20
12-06-2026,20
13-06-2026,19
14-06-2026,12
15-06-2026,47
16-06-2026,42
17-06-2026,46
18-06-2026,29
19-06-2026,10
20-06-2026,21
21-06-2026,37
22-06-2026,29
23-06-2026,33
24-06-2026,27
25-06-2026,50
26-06-2026,11
27-06-2026,11
28-06-2026,39
29-06-2026,20
30-06-2026,38
01-07-2026,13
02-07-2026,37
03-07-2026,17
04-07-2026,15
05-07-2026,39
06-07-2026,38
07-07-2026,22
08-07-2026,43
09-07-2026,20
10-07-2026,35
11-07-2026,12
12-07-2026,45
13-07-2026,29
14-07-2026,50
15-07-2026,38
16-07-2026,38
17-07-2026,17
18-07-2026,40
19-07-2026,48
20-07-2026,45
21-07-2026,19
22-07-2026,19
23-07-2026,14
24-07-2026,15
25-07-2026,29
26-07-2026,15
27-07-2026,10
28-07-2026,50
29-07-2026,38
30-07-2026,23
31-07-2026,48
01-08-2026,13
02-08-2026,33
03-08-2026,17
04-08-2026,22
05-08-2026,25
06-08-2026,49
07-08-2026,35
08-08-2026,36
09-08-2026,44
10-08-2026,13
11-08-2026,23
12-08-2026,49
13-08-2026,42
14-08-2026,41
15-08-2026,36
16-08-2026,23
17-08-2026,35
18-08-2026,39
19-08-2026,48
20-08-2026,42
21-08-2026,36
22-08-2026,34
23-08-2026,13
24-08-2026,28
25-08-2026,24
26-08-2026,35
27-08-2026,43
28-08-2026,21
29-08-2026,31
30-08-2026,37
31-08-2026,30
01-09-2026,28
02-09-2026,25
03-09-2026,35
04-09-2026,10
05-09-2026,14
06-09-2026,41
07-09-2026,44
08-09-2026,12
09-09-2026,50
10-09-2026,11
11-09-2026,30
12-09-2026,13
13-09-2026,26
14-09-2026,25
15-09-2026,29
16-09-2026,50
17-09-2026,48
18-09-2026,42
19-09-2026,46
20-09-2026,12
21-09-2026,35
22-09-2026,49
23-09-2026,27
24-09-2026,14
25-09-2026,21
26-09-2026,38
27-09-2026,29
28-09-2026,37
29-09-2026,43
30-09-2026,17
01-10-2026,33
02-10-2026,18
03-10-2026,20
04-10-2026,43
05-10-2026,47
06-10-2026,18
07-10-2026,31
08-10-2026,40
09-10-2026,21
10-10-2026,25
11-10-2026,46
12-10-2026,16
13-10-2026,32
14-10-2026,41
15-10-2026,18
16-10-2026,11
17-10-2026,16
18-10-2026,36
19-10-2026,22
20-10-2026,50
21-10-2026,30
22-10-2026,20
23-10-2026,38
24-10-2026,49
25-10-2026,37
26-10-2026,38
27-10-2026,34
28-10-2026,19
29-10-2026,29
30-10-2026,48
31-10-2026,41
01-11-2026,13
02-11-2026,42
03-11-2026,37
04-11-2026,25
05-11-2026,40
06-11-2026,34
07-11-2026,36
08-11-2026,32
09-11-2026,15
10-11-2026,15
11-11-2026,45
12-11-2026,29
13-11-2026,40
14-11-2026,31
15-11-2026,47
16-11-2026,21
17-11-2026,43
18-11-2026,49
19-11-2026,37
20-11-2026,28
21-11-2026,29
22-11-2026,21
23-11-2026,26
24-11-2026,33
25-11-2026,14
26-11-2026,45
27-11-2026,50
28-11-2026,26
29-11-2026,36
30-11-2026,11
01-12-2026,24
02-12-2026,32
03-12-2026,25
04-12-2026,19
05-12-2026,31
06-12-2026,36
07-12-2026,43
08-12-2026,45
09-12-2026,20
10-12-2026,44
11-12-2026,50
12-12-2026,41
13-12-2026,45
14-12-2026,27
15-12-2026,36
16-12-2026,49
17-12-2026,11
18-12-2026,19
19-12-2026,38
20-12-2026,48
21-12-2026,41
22-12-2026,30
23-12-2026,11
24-12-2026,42
25-12-2026,10
26-12-2026,43
27-12-2026,41
28-12-2026,47
29-12-2026,15
30-12-2026,21
31-12-2026,43
01-01-2027,32
02-01-2027,27
03-01-2027,26
04-01-2027,40
05-01-2027,37
06-01-2027,21
07-01-2027,34
08-01-2027,40
09-01-2027,11
10-01-2027,29
11-01-2027,46
12-01-2027,16
13-01-2027,40
14-01-2027,34
15-01-2027,12
16-01-2027,17
17-01-2027,25
18-01-2027,23
19-01-2027,18
20-01-2027,42
21-01-2027,37
22-01-2027,31
23-01-2027,23
24-01-2027,46
25-01-2027,42
26-01-2027,14
27-01-2027,34
28-01-2027,37
29-01-2027,25
30-01-2027,27
31-01-2027,29
01-02-2027,12
02-02-2027,15
03-02-2027,48
04-02-2027,39
05-02-2027,43
06-02-2027,16
07-02-2027,41
08-02-2027,20
09-02-2027,43
10-02-2027,11
11-02-2027,25
12-02-2027,37
13-02-2027,11
14-02-2027,15
15-02-2027,50
16-02-2027,16
17-02-2027,46
18-02-2027,14
19-02-2027,36
20-02-2027,37
21-02-2027,34
22-02-2027,31
23-02-2027,28
24-02-2027,39
25-02-2027,43
26-02-2027,21
27-02-2027,34
28-02-2027,38
01-03-2027,40
02-03-2027,39
03-03-2027,13
04-03-2027,36
05-03-2027,35
06-03-2027,16
07-03-2027,36
08-03-2027,34
09-03-2027,29
10-03-2027,38
11-03-2027,45
12-03-2027,25
13-03-2027,28
14-03-2027,21
15-03-2027,23
16-03-2027,20
17-03-2027,20
18-03-2027,33
19-03-2027,49
20-03-2027,49
21-03-2027,19
22-03-2027,44
23-03-2027,34
24-03-2027,41
25-03-2027,20
26-03-2027,27
27-03-2027,42
28-03-2027,19
29-03-2027,14
30-03-2027,10
31-03-2027,37
01-04-2027,15
02-04-2027,45
03-04-2027,48
04-04-2027,40
05-04-2027,40
06-04-2027,26
07-04-2027,48
08-04-2027,32
09-04-2027,48
10-04-2027,36
11-04-2027,45
12-04-2027,34
13-04-2027,47
14-04-2027,46
15-04-2027,35
16-04-2027,10
17-04-2027,49
18-04-2027,50
19-04-2027,43
20-04-2027,48
21-04-2027,19
22-04-2027,49
23-04-2027,31
24-04-2027,44
25-04-2027,41
26-04-2027,45
27-04-2027,15
28-04-2027,35
29-04-2027,48
30-04-2027,33
01-05-2027,45
02-05-2027,15
03-05-2027,23
04-05-2027,50
05-05-2027,43
06-05-2027,49
07-05-2027,42
08-05-2027,33
09-05-2027,20
10-05-2027,42
11-05-2027,50
12-05-2027,11
13-05-2027,48
14-05-2027,45
15-05-2027,25
16-05-2027,48
17-05-2027,33
18-05-2027,44
19-05-2027,29
20-05-2027,13
21-05-2027,19
22-05-2027,24
23-05-2027,12
24-05-2027,20
25-05-2027,32
26-05-2027,38
27-05-2027,16
28-05-2027,15
29-05-2027,16
30-05-2027,39
31-05-2027,12
01-06-2027,44
02-06-2027,49
03-06-2027,45
04-06-2027,24
05-06-2027,11
06-06-2027,44
07-06-2027,28
08-06-2027,39
09-06-2027,46
10-06-2027,13
11-06-2027,33
12-06-2027,17
13-06-2027,41
14-06-2027,50
15-06-2027,14
16-06-2027,15
17-06-2027,32
18-06-2027,35
19-06-2027,23
20-06-2027,40
21-06-2027,27
22-06-2027,37
23-06-2027,34
24-06-2027,23
25-06-2027,17
26-06-2027,22
27-06-2027,28
28-06-2027,40
29-06-2027,37
30-06-2027,25
01-07-2027,16
02-07-2027,38
03-07-2027,12
04-07-2027,11
05-07-2027,27
06-07-2027,49
07-07-2027,47
08-07-2027,42
09-07-2027,38
10-07-2027,35
11-07-2027,39
12-07-2027,44
13-07-2027,12
14-07-2027,43
15-07-2027,48
16-07-2027,24
17-07-2027,22
18-07-2027,13
19-07-2027,50
20-07-2027,50
21-07-2027,25
22-07-2027,34
23-07-2027,24
24-07-2027,46
25-07-2027,37
26-07-2027,38
27-07-2027,27
28-07-2027,27
29-07-2027,37
30-07-2027,47
31-07-2027,17
01-08-2027,38
02-08-2027,35
03-08-2027,12
04-08-2027,34
05-08-2027,31
06-08-2027,49
07-08-2027,50
08-08-2027,36
09-08-2027,49
10-08-2027,25
11-08-2027,20
12-08-2027,48
13-08-2027,20
14-08-2027,45
15-08-2027,10
16-08-2027,15
17-08-2027,31
18-08-2027,34
19-08-2027,22
20-08-2027,40
21-08-2027,33
22-08-2027,22
23-08-2027,33
24-08-2027,31
25-08-2027,28
26-08-2027,27
27-08-2027,46
28-08-2027,38
29-08-2027,48
30-08-2027,48
31-08-2027,48
01-09-2027,31
02-09-2027,18
03-09-2027,30
04-09-2027,10
05-09-2027,22
06-09-2027,19
07-09-2027,27
08-09-2027,40
09-09-2027,40
10-09-2027,38
11-09-2027,17
12-09-2027,20
13-09-2027,16
14-09-2027,32
15-09-2027,29
16-09-2027,29
17-09-2027,40
18-09-2027,21
19-09-2027,11
20-09-2027,21
21-09-2027,14
22-09-2027,20
23-09-2027,13
24-09-2027,29
25-09-2027,32
26-09-2027,24
27-09-2027,25
28-09-2027,18
29-09-2027,30
30-09-2027,18
01-10-2027,24
02-10-2027,26
03-10-2027,46
04-10-2027,50
05-10-2027,38
06-10-2027,14
07-10-2027,43
08-10-2027,25
09-10-2027,44
10-10-2027,44
11-10-2027,26
12-10-2027,48
13-10-2027,46
14-10-2027,33
15-10-2027,42
16-10-2027,36
17-10-2027,27
18-10-2027,48
19-10-2027,21
20-10-2027,46
21-10-2027,12
22-10-2027,11
23-10-2027,44
24-10-2027,23
25-10-2027,13
26-10-2027,26
27-10-2027,34
28-10-2027,23
29-10-2027,32
30-10-2027,43
31-10-2027,17
01-11-2027,48
02-11-2027,37
03-11-2027,19
04-11-2027,48
05-11-2027,43
06-11-2027,35
07-11-2027,19
08-11-2027,50
09-11-2027,27
10-11-2027,44
11-11-2027,50
12-11-2027,14
13-11-2027,26
14-11-2027,29
15-11-2027,23
16-11-2027,42
17-11-2027,12
18-11-2027,32
19-11-2027,46
20-11-2027,13
21-11-2027,26
22-11-2027,26
23-11-2027,24
24-11-2027,34
25-11-2027,19
26-11-2027,32
27-11-2027,37
28-11-2027,31
29-11-2027,34
30-11-2027,17
01-12-2027,43
02-12-2027,24
03-12-2027,13
04-12-2027,12
05-12-2027,15
06-12-2027,33
07-12-2027,42
08-12-2027,24
09-12-2027,12
10-12-2027,44
11-12-2027,23
12-12-2027,30
13-12-2027,15
14-12-2027,49
15-12-2027,24
16-12-2027,34
17-12-2027,33
18-12-2027,33
19-12-2027,16
20-12-2027,31
21-12-2027,11
22-12-2027,26
23-12-2027,32
24-12-2027,31
25-12-2027,15
26-12-2027,25
27-12-2027,40
28-12-2027,45
29-12-2027,16
30-12-2027,14
31-12-2027,44